CPUs,Time (s),Speedup,Efficiency
1,0.2207204818725586,1.0,1.0
2,0.11931617259979248,1.849878998489954,0.924939499244977
4,0.05651006698608398,3.9058612676377225,0.9764653169094306
8,0.03707654476165771,5.953102784831616,0.744137848103952
